net,connections,pins
3V3,18,U1.38 U5.5 U7.16 U7.18 U7.20 W9.1 R18.1 R19.1 R20.1 R21.1 R22.1 R23.1 C18.1 C41.1 R48.1 R49.1 C56.1 C57.1
5V,17,U1.34 U1.35 U8.2 U8.3 U8.4 U8.5 U8.6 U8.7 U8.8 C20.1 L2.2 R45.1 C44.1 C48.1 C49.1 C50.1 C52.1
AC_SNS_N,10,U2.29 Q1.5 Q1.6 Q1.7 Q1.8 R1.2 C6.1 C7.1 C8.1 C9.1
ANT_LOOP,2,U7.6 U7.7
BAT_NEG,12,U4.9 U4.10 U4.16 U4.23 U4.24 W5.1 R34.1 C34.2 C35.2 R36.1 R42.2 RT2.2
BAT_POS,4,W1.1 F1.1 R30.1 R35.1
BAT_SNS_P,10,U2.14 Q4.5 Q4.6 Q4.7 Q4.8 R2.1 C11.1 C12.1 C13.1 C14.1
BTST1,2,U2.26 C1.1
BTST2,2,U2.20 C2.1
BUCK_BST,2,U6.6 C42.1
BUCK_FB,4,U6.8 R45.2 R46.1 C44.2
BUCK_SS,2,U6.7 C43.1
BUCK_SW,3,U6.5 L2.1 C42.2
CELL1,2,W4.1 R33.1
CELL2,2,W3.1 R32.1
CELL3,2,W2.1 R31.1
CHG_ACOV,3,U2.35 R12.2 R13.1
CHG_ACUV,3,U2.34 R11.2 R12.1
CHG_CE_N,2,U2.7 R14.1
CHG_FB,3,U2.12 R4.2 R5.1
CHG_FBG,2,U2.11 R5.2
CHG_FSW,2,U2.36 R8.1
CHG_ICHG,2,U2.9 R6.1
CHG_ILIM,2,U2.10 R7.1
CHG_INT,3,U1.18 U2.3 R15.2
CHG_PG,3,U2.6 U7.28 R23.2
CHG_SCL,4,U1.17 U2.1 U3.6 R17.2
CHG_SDA,4,U1.16 U2.2 U3.5 R16.2
CHG_STAT1,3,U2.4 U7.11 R21.2
CHG_STAT2,3,U2.5 U7.13 R22.2
CHG_TS,4,U2.8 R9.2 R10.1 RT1.1
CHG_VAC,5,U2.32 U2.33 C5.1 R3.2 R11.1
DBG_RX,2,U7.36 W12.1
DBG_TX,2,U7.38 W11.1
GND,141,U1.3 U1.5 U1.6 U1.7 U1.11 U1.12 U1.13 U1.14 U1.19 U1.31 U1.36 U1.37 U1.EP1 U2.17 U2.22 U2.EP J1.GND U3.1 U3.2 U3.3 U3.4 U3.7 D3.3 D4.3 Q2.1 Q2.2 Q2.3 Q3.1 Q3.2 Q3.3 U5.2 U6.1 U6.4 Q6.1 Q6.2 Q6.3 U7.1 U7.2 U7.3 U7.4 U7.5 U7.8 U7.15 U7.17 U7.19 U7.21 U7.24 U7.31 U7.43 U7.44 U7.45 U7.46 U7.47 U7.48 U7.49 U7.50 U7.51 U7.52 U7.53 U7.54 U7.55 U7.56 U7.57 U7.58 U7.59 U7.60 U7.61 U7.62 U7.63 U7.64 U7.65 U7.66 U7.67 U7.68 U7.69 U7.70 U7.71 U7.72 U7.73 U7.74 U7.75 U7.76 U7.77 W10.1 J2.GND U8.12 U8.EP C3.2 C4.2 C5.2 C6.2 C7.2 C8.2 C9.2 C10.2 C11.2 C12.2 C13.2 C14.2 C15.2 R6.2 R7.2 R8.2 R10.2 RT1.2 R13.2 R14.2 C16.2 C17.2 C18.2 C19.2 C20.2 C21.2 C22.2 D1.2 R40.2 R41.2 C40.2 C41.2 C59.2 C43.2 R46.2 C45.2 C46.2 C47.2 C48.2 C49.2 C50.2 C51.2 C52.2 D2.2 R51.2 C55.2 C56.2 C57.2 C58.2 R52.2 D10.2 D11.2 D12.2 D13.2
HG1,2,U2.27 Q1.4
HG2,2,U2.19 Q4.4
HOST_IRQ,3,U1.10 U7.26 R20.2
HOST_SCL,3,U1.9 U7.27 R19.2
HOST_SDA,3,U1.8 U7.25 R18.2
LED1,2,U7.10 R53.1
LED1_A,2,R53.2 D10.1
LED2,2,U7.12 R54.1
LED2_A,2,R54.2 D11.1
LED3,2,U7.14 R55.1
LED3_A,2,R55.2 D12.1
LED4,2,U7.29 R56.1
LED4_A,2,R56.2 D13.1
LG1,2,U2.25 Q2.4
LG2,2,U2.21 Q3.4
MCU_BOOT0,2,U7.22 R52.1
MCU_NRST,3,U7.23 W8.1 C58.1
P1_CC1,4,U1.28 J1.CC1 D3.1 C21.1
P1_CC2,4,U1.29 J1.CC2 D3.2 C22.1
P1_DN,3,U1.27 J1.D- D4.2
P1_DP,3,U1.26 J1.D+ D4.1
P2_ATTACH,3,U7.32 U8.19 R48.2
P2_CC1,2,J2.CC1 U8.11
P2_CC2,2,J2.CC2 U8.13
P2_DCP,2,J2.D+ J2.D-
P2_FAULT,3,U7.30 U8.1 R49.2
P2_REF,2,U8.10 R47.1
P2_REF_RTN,2,U8.9 R47.2
PD_1V5,2,U1.4 C17.1
PD_3V3,8,U1.1 U1.2 U3.8 R15.1 R16.1 R17.1 C16.1 C59.1
PD_DRAIN,3,U1.15 U1.30 U1.EP2
PPHV,7,U1.20 U1.21 U1.22 U2.30 R1.1 R3.1 C10.1
PROT_AVDD,3,U4.2 U4.20 C35.1
PROT_CHG,2,U4.13 R39.1
PROT_CHG_G,3,Q6.4 R39.2 R40.1
PROT_DSG,2,U4.12 R37.1
PROT_DSG_G,3,Q5.4 R37.2 R38.1
PROT_LD,2,U4.14 R41.1
PROT_MID,8,Q5.5 Q5.6 Q5.7 Q5.8 Q6.5 Q6.6 Q6.7 Q6.8
PROT_OCDP,2,U4.17 R42.1
PROT_PRES,2,U4.22 R44.2
PROT_SNS,6,U4.11 Q5.1 Q5.2 Q5.3 R36.2 R38.2
PROT_TS,3,U4.18 R43.2 RT2.1
PROT_VC0,3,U4.8 R34.2 C33.2
PROT_VC1,4,U4.7 R33.2 C32.2 C33.1
PROT_VC2,4,U4.6 R32.2 C31.2 C32.1
PROT_VC3,4,U4.5 R31.2 C30.2 C31.1
PROT_VC4,4,U4.3 U4.4 R30.2 C30.1
PROT_VDD,4,U4.1 R35.2 C34.1 R44.1
PROT_VTB,2,U4.19 R43.1
REGN,5,U2.23 U2.24 C3.1 C4.1 R9.1
SW1,10,U2.28 Q1.1 Q1.2 Q1.3 Q2.5 Q2.6 Q2.7 Q2.8 L1.1 C1.2
SW2,10,U2.18 Q4.1 Q4.2 Q4.3 Q3.5 Q3.6 Q3.7 Q3.8 L1.2 C2.2
SWCLK,2,U7.34 W7.1
SWDIO,2,U7.35 W6.1
VBAT_SENSE,4,U7.9 R50.2 R51.1 C55.1
VBAT_SYS,12,U2.13 U5.1 U6.3 R2.2 C15.1 R4.1 F1.2 C40.1 C45.1 C46.1 C47.1 R50.1
VBUS1,8,U1.23 U1.24 U1.25 U1.32 U1.33 J1.VBUS C19.1 D1.1
VBUS2,5,J2.VBUS U8.14 U8.15 C51.1 D2.1
