ref,part,value_or_role,package,status,JLC_part_number
U1,TPS25751D,USB-C PD controller,WQFN-38 4x6mm,confirmed from TI datasheet,
U2,BQ25756,Buck-boost charge controller,VQFN-36 5x6mm,confirmed from TI datasheet,
Q1,N-FET 40V <=6mOhm logic-level,Buck high side,3.3x3.3mm,to be selected,
Q2,N-FET 40V <=6mOhm logic-level,Buck low side,3.3x3.3mm,to be selected,
Q3,N-FET 40V <=6mOhm logic-level,Boost low side,3.3x3.3mm,to be selected,
Q4,N-FET 40V <=6mOhm logic-level,Boost high side,3.3x3.3mm,to be selected,
L1,Inductor,"4.7uH, Isat>=12A, <=5mm tall",about 10x10mm,to be selected,
R1,Sense resistor,5mOhm 1% 1W,2512 or 1206 wide,"assumed, verify",
R2,Sense resistor,5mOhm 1% 1W,2512 or 1206 wide,confirmed from TI datasheet,
C1,Bootstrap cap,100nF 25V,0402,"assumed, verify",
C2,Bootstrap cap,100nF 25V,0402,"assumed, verify",
C3,REGN cap,4.7uF 10V,0603,confirmed from TI datasheet,
C4,DRV_SUP cap,4.7uF 10V,0603,confirmed from TI datasheet,
C5,VAC cap,1uF 35V,0603,confirmed from TI datasheet,
R3,VAC feed,10 Ohm,0402,"assumed, verify",
C6-C9,Input bulk (port side),"4x 22uF 35V X7R, plus C10",1210,"assumed, verify",
C10,Input bulk polymer,"68uF 25V, <=5mm tall",D case,"assumed, verify",
C11-C14,Output bulk (battery side),"4x 22uF 25V X7R, plus C15",1210,"assumed, verify",
C15,Battery bulk polymer,"68uF 25V, <=5mm tall",D case,"assumed, verify",
R4,FB top,243k 0.1%,0402,"assumed, verify",
R5,FB bottom,24.9k 0.1%,0402,"assumed, verify",
R6,ICHG set,16.9k 1% (2.96A),0402,confirmed from TI datasheet,
R7,ILIM set,4.02k 1% (about 5A with 5mOhm R1),0402,"assumed, verify",
R8,FSW set,66.5k 1% (400kHz),0402,confirmed from TI datasheet,
R9,TS upper,5.23k 1%,0402,confirmed from TI datasheet,
R10,TS lower,30.1k 1%,0402,confirmed from TI datasheet,
RT1,NTC on cell,"10k 103AT, on leads",wired,confirmed from TI datasheet,
R11,ACUV/ACOV divider top,value from datasheet section 6.3,0402,to be selected,
R12,ACUV/ACOV divider mid,value from datasheet section 6.3,0402,to be selected,
R13,ACUV/ACOV divider bottom,value from datasheet section 6.3,0402,to be selected,
R14,CE pull-down,10k,0402,"assumed, verify",
R15,INT pull-up,10k,0402,confirmed from TI datasheet,
R16,I2Cc SDA pull-up,3.3k,0402,confirmed from TI datasheet,
R17,I2Cc SCL pull-up,3.3k,0402,confirmed from TI datasheet,
R18,I2Ct SDA pull-up,4.7k,0402,confirmed from TI datasheet,
R19,I2Ct SCL pull-up,4.7k,0402,confirmed from TI datasheet,
R20,Host IRQ pull-up,10k,0402,"assumed, verify",
R21-R23,STAT1/STAT2/PG pull-ups,3x 100k,0402,"assumed, verify",
C16,LDO_3V3 cap,10uF 6.3V,0603,confirmed from TI datasheet,
C17,LDO_1V5 cap,10uF 6.3V,0603,confirmed from TI datasheet,
C18,VIN_3V3 cap,10uF 6.3V,0603,confirmed from TI datasheet,
C19,VBUS cap,4.7uF 35V,0805,confirmed from TI datasheet,
C20,PP5V cap,22uF 10V,0805,confirmed from TI datasheet,
C21,CC1 cap,330pF,0402,confirmed from TI datasheet,
C22,CC2 cap,330pF,0402,confirmed from TI datasheet,
"R24,R25",ADCIN1 strap divider,level chosen in TI GUI,0402,to be selected,
"R26,R27",ADCIN2 strap divider,level chosen in TI GUI,0402,to be selected,
U3,I2C EEPROM,size and address per TPS25751 datasheet,SOT-23-5 or UDFN,to be selected,
D1,VBUS TVS,TVS2200 or equivalent,SON,confirmed from TI datasheet,
D2,CC/D+/D- ESD array,"4-channel, 24V-tolerant on CC",SOT/DFN,to be selected,
J1,Amphenol 12402082E512A,Port 1 USB-C,vertical SMT,"assumed, verify",
(block),BQ77915 + 2 FETs + 5mOhm sense + 15A fuse,Protector: between cell stack and VBAT_SYS,,pinout not yet pulled,
(block),TPS709 LDO,3.3V rail: VBAT_SYS -> 3V3,,pinout not yet pulled,
(block),"TPS62933 buck, J2, 4.7k CC pull-ups","5V rail and port 2: VBAT_SYS -> 5V, 5V -> VBUS2 through a load switch",,pinout not yet pulled,
(block),Ebyte E104-BT5005A,"Bluetooth: HOST_SDA, HOST_SCL, HOST_IRQ, CHG_STAT1/2, CHG_PG, LEDs, SWD pads",,pinout not yet pulled,
